{
  "train_loss": [
    1.5130178152568756,
    1.1762167764088465,
    1.0498316165000674,
    0.9939261949251569,
    0.9698045196987334,
    0.9562119784809294,
    0.9437576314759633,
    0.9386934108204312,
    0.9360122567131406,
    0.9267756428037371,
    0.9242715542278592,
    0.9190176233412728,
    0.9167914494635567,
    0.915368051755996,
    0.9126084730738685,
    0.9106975755994282,
    0.9058650571202475,
    0.9072781157872033,
    0.9040637669109163,
    0.9010461256617591,
    0.9007332097916376,
    0.8990733491049873,
    0.8959525587066771,
    0.8964327337249877,
    0.8955103537392994,
    0.8915396417890277,
    0.8929076015003143,
    0.8913365744409107,
    0.8899294469091628,
    0.8908504039522201,
    0.8879057566324869,
    0.8871568384624663,
    0.8874641789330376,
    0.8847756944005452,
    0.8840982743671962,
    0.8821348727695526,
    0.880951946689969,
    0.8831723275638762,
    0.8806280607268924,
    0.8798436408951169,
    0.8794851965374417,
    0.8778653144836426,
    0.876166738214947,
    0.8766913981664748,
    0.8756489886177911,
    0.8746414402174572,
    0.8726413268891592,
    0.8714064000144838,
    0.8729368798316471,
    0.8743579293054248
  ],
  "val_loss": [
    1.2685485986562877,
    1.0789035787949195,
    0.9811482291955215,
    0.9425098850176885,
    0.9236347446074853,
    0.9111653933158288,
    0.9018243963901813,
    0.8983829938448392,
    0.8941435768054082,
    0.8893226568515484,
    0.8850581095768855,
    0.8831018576255212,
    0.8805583348641028,
    0.8792797647989713,
    0.87674041894766,
    0.8747941530667819,
    0.8719432308123662,
    0.8697467813125024,
    0.8709688232495234,
    0.8709970300014203,
    0.8659574664556063,
    0.8659213552108178,
    0.8657411428598257,
    0.8651876541284415,
    0.8628328671822181,
    0.8633663058280945,
    0.8622277149787316,
    0.8590699663529029,
    0.8591995881153986,
    0.8575725188622108,
    0.8608391560040988,
    0.8610279422539932,
    0.8562623537503756,
    0.8573504915604224,
    0.8562130790490371,
    0.8552979872776911,
    0.8549311940486615,
    0.85677131322714,
    0.8566053280463586,
    0.8515115609535804,
    0.8536863510425274,
    0.8525572144068204,
    0.851537823677063,
    0.8502730635496286,
    0.8516360521316528,
    0.8504699881260211,
    0.8503316274056067,
    0.8487595503146832,
    0.8483482370009789,
    0.8537684266383831
  ]
}